主要内容,capacity,time,当前楼层,type,pasterid,secret,signature,htmlContent,effect,回复内容,回复着昵称,bmp,内容发布时间,修改时间,留言qq,留言者昵称,留言板ID？
写了个python爬虫，把我自己留言板上的所有内容爬到了电脑的文件上。你要爬一下不？,5857,1507463320,224,0,,0,,写了个python爬虫，把我自己留言板上的所有内容爬到了电脑的文件上。你要爬一下不？,32,好啊。[em]e113[\/em],舒清,98d595840840a201,2017/10/8 1:31,0,376976240,骑行小蜗游,1000050198
南昆高铁[em]e400942[\/em]即将开通，拉进了深圳与云南的距离，也拉进了我与梦中那个彩云之南的距离。三年多的执念，心中藏的一份美好，不知在到达之时能否如愿看到心中想象的美好。,5805,,223,0,,0,,南昆高铁\u003Cimg src=\u0022\/qzone\/em\/e400942.gif\u0022  \/>\u003Cwbr  \/>即将开通，拉进了深圳与云南的距离，也拉进了我与梦中那个彩云之南的距离。三年多的执念，心中藏的一份美好，不知在到达之时能否如愿看到心中想象的美好。,4194304,,,b8d095800100e209,2016/12/27 23:40,0,570381449,舒清,1000050197
夜深人静，有些事情在心底始终还无法释怀，回想起来就会愤怒和无奈。失眠，一个人失眠，全世界失眠。。。,5875,,222,0,,0,,夜深人静，有些事情在心底始终还无法释怀，回想起来就会愤怒和无奈。失眠，一个人失眠，全世界失眠。。。,4194304,,,b8d095800100e209,2016/11/2 1:22,0,570381449,舒清,1000050196
现实物理空间上的距离不可怕，可怕的心的距离。,5929,,221,0,,0,,现实物理空间上的距离不可怕，可怕的心的距离。,0,,,b8d095800100e209,2016/9/13 8:30,0,570381449,舒清,1000050194
最近两周学习selenium+python效率还蛮高的，或许是基于接下来的求职压力吧。有了压力才有动力。,5884,,220,0,,0,,最近两周学习selenium+python效率还蛮高的，或许是基于接下来的求职压力吧。有了压力才有动力。,0,,,b8d095800100e209,2016/9/10 21:55,0,570381449,舒清,1000050193
每个月还信用卡金额是每月工资的2-3倍多是一种怎样的体验。。不过也非常感谢信用卡相当于是一个时刻可以救急的好伙伴。,5862,,219,0,,0,,每个月还信用卡金额是每月工资的2-3倍多是一种怎样的体验。。不过也非常感谢信用卡相当于是一个时刻可以救急的好伙伴。,0,,,b8d095800100e209,2016/8/25 9:49,0,570381449,舒清,1000050192
求生存，求发展，探未来。,5949,,218,0,,0,,求生存，求发展，探未来。,0,,,b8d095800100e209,2016/8/18 8:42,0,570381449,舒清,1000050191
风波暂时先告一段落，走过的曲折弯路要时刻反思，绝不能再犯第二次错误！接下来要把工作事情好好安排，努力提高自身经济实力，这样才能轻松面对生活中的困难。,5825,,217,0,,0,,风波暂时先告一段落，走过的曲折弯路要时刻反思，绝不能再犯第二次错误！接下来要把工作事情好好安排，努力提高自身经济实力，这样才能轻松面对生活中的困难。,0,,,b8d095800100e209,2016/8/11 8:28,0,570381449,舒清,1000050190
 终究还是自己的实力不够强大。,5944,,216,0,,0,,&nbsp;终究还是自己的实力不够强大。,0,,,b8d095800100e209,2016/7/25 11:43,0,570381449,舒清,1000050189
让那些质疑你的人闭嘴的最好方式就是自己努力做出点成绩来！,5917,,215,0,,0,,让那些质疑你的人闭嘴的最好方式就是自己努力做出点成绩来！,0,,,b8d095800100e209,2016/7/21 15:06,0,570381449,舒清,1000050188
坚持自己的决定，不让自己后悔！其他一切都是纸老虎。,5923,,214,0,,0,,坚持自己的决定，不让自己后悔！其他一切都是纸老虎。,0,,,b8d095800100e209,2016/7/15 22:16,0,570381449,舒清,1000050187
现金为王！时刻保住现金流，捏紧裤腰带，熬过目前最艰难的时候，装修开支将彻底告一段落。[em]e130[\/em][em]e130[\/em],5863,,213,0,,0,,现金为王！时刻保住现金流，捏紧裤腰带，熬过目前最艰难的时候，装修开支将彻底告一段落。\u003Cimg src=\u0022\/qzone\/em\/e130.gif\u0022  \/>\u003Cwbr  \/>\u003Cimg src=\u0022\/qzone\/em\/e130.gif\u0022  \/>\u003Cwbr  \/>,4194304,,,b8d095800100e209,2016/7/7 18:51,0,570381449,舒清,1000050186
灰色的6月已经过去，7月是最关键的一个月了，不能出差错了，小心谨慎。,5907,,212,0,,0,,灰色的6月已经过去，7月是最关键的一个月了，不能出差错了，小心谨慎。,0,,,b8d095800100e209,2016/7/1 8:29,0,570381449,舒清,1000050185
久旱逢甘霖，补助名单终于公示了！从拓维毕业开始倒计时了，即将开始迎接新的开始和新的挑战！,5885,,211,0,,0,,久旱逢甘霖，补助名单终于公示了！从拓维毕业开始倒计时了，即将开始迎接新的开始和新的挑战！,0,,,b8d095800100e209,2016/6/22 20:09,0,570381449,舒清,1000050184
"我已经还新工作啦，万万没想到在国企和外包公司之间选择了后者。。
",5822,1466413640,210,0,,0,,我已经还新工作啦，万万没想到在国企和外包公司之间选择了后者。。\u003Cbr  \/>,32,恭喜，找到自己满意的工作就好！不管是什么公司，只要是自己选择的就好。,舒清,98d595840840a201,2016/6/20 16:14,2016/6/20 16:14,376976240,骑行小蜗游,1000050183
7月，装修和高招帮即将告一段落，随着补助下发，那么上半年的计划和任务即将完成。开始迎来新的规划，未来的路还很长，责任也越来越重，压力越来越大，但是不能回头了。只有硬着头皮走下去！[em]e130[\/em],5783,,209,0,,0,,7月，装修和高招帮即将告一段落，随着补助下发，那么上半年的计划和任务即将完成。开始迎来新的规划，未来的路还很长，责任也越来越重，压力越来越大，但是不能回头了。只有硬着头皮走下去！\u003Cimg src=\u0022\/qzone\/em\/e130.gif\u0022  \/>\u003Cwbr  \/>,0,,,b8d095800100e209,2016/6/19 20:10,0,570381449,舒清,1000050182
责任和担当！,5961,,208,0,,0,,责任和担当！,0,,,b8d095800100e209,2016/6/14 8:38,0,570381449,舒清,1000050181
克服内心的畏惧，开始懂得独立思考，做理智的抉择；这就是成长！,5913,,207,0,,0,,克服内心的畏惧，开始懂得独立思考，做理智的抉择；这就是成长！,0,,,b8d095800100e209,2016/6/1 11:34,0,570381449,舒清,1000050180
心累。尺寸各种不合。,5953,,206,0,,0,,心累。尺寸各种不合。,4194304,,,b8d095800100e209,2016/5/22 17:17,0,570381449,舒清,1000050179
油漆师傅还真有效率，还多功能，不光是油漆可以，甚至连保洁都可以做。哈哈，这些省事多了。。,5885,,205,0,,0,,油漆师傅还真有效率，还多功能，不光是油漆可以，甚至连保洁都可以做。哈哈，这些省事多了。。,0,,,b8d095800100e209,2016/5/11 14:07,0,570381449,舒清,1000050178
两头不是人，真TMD的没意思，有一种干脆逃离这种现状的冲动，生活也许就是这样，你永远都不知道你下一秒会发生什么？会经历什么样事情；唉，快点度过这段糟心的时光吧，熬过这段乌烟瘴气的时候。再这样下去都快被逼疯的！！！！！！！！！！,5750,,204,0,,0,,两头不是人，真TMD的没意思，有一种干脆逃离这种现状的冲动，生活也许就是这样，你永远都不知道你下一秒会发生什么？会经历什么样事情；唉，快点度过这段糟心的时光吧，熬过这段乌烟瘴气的时候。再这样下去都快被逼疯的！！！！！！！！！！,0,,,b8d095800100e209,2016/5/5 12:49,0,570381449,舒清,1000050177
以前觉得工人师傅是社会底层，他们又苦又累，现在和他们聊天后发现，完全不是了。他们虽然工作比较脏累，但是随着工价上涨，他们物质收入比我们这些坐办公室的强多了。。我这种才是社会最底层的潘俊,5787,,203,0,,0,,以前觉得工人师傅是社会底层，他们又苦又累，现在和他们聊天后发现，完全不是了。他们虽然工作比较脏累，但是随着工价上涨，他们物质收入比我们这些坐办公室的强多了。。我这种才是社会最底层的潘俊,4194304,,,b8d095800100e209,2016/5/4 6:45,0,570381449,舒清,1000050176
女人缺乏安全感是一种不分年龄的特性吗？也许是我说的做的还不够好吧。。。。,5901,,202,0,,0,,女人缺乏安全感是一种不分年龄的特性吗？也许是我说的做的还不够好吧。。。。,0,,,b8d095800100e209,2016/4/29 20:25,0,570381449,舒清,1000050175
水电泥木收工！看着房子一点点开始装修完善，开始觉得这段时间的折腾是值得的！开始期待新房子装修后的效果了！[em]e113[\/em] 感谢尹师傅和大舅的施工！,5831,,201,0,,0,,水电泥木收工！看着房子一点点开始装修完善，开始觉得这段时间的折腾是值得的！开始期待新房子装修后的效果了！\u003Cimg src=\u0022\/qzone\/em\/e113.gif\u0022  \/>\u003Cwbr  \/>&nbsp;感谢尹师傅和大舅的施工！,0,,,b8d095800100e209,2016/4/24 20:35,0,570381449,舒清,1000050174
未来比装修，上班更操心的事情还很多；所以好好珍惜当下吧，不抱怨，不逃避。,5901,,200,0,,0,,未来比装修，上班更操心的事情还很多；所以好好珍惜当下吧，不抱怨，不逃避。,0,,,b8d095800100e209,2016/4/14 8:38,0,570381449,舒清,1000050173
活着就是折腾，装修则是一场修行。,5941,,199,0,,0,,活着就是折腾，装修则是一场修行。,4194304,,,b8d095800100e209,2016/3/27 7:45,0,570381449,舒清,1000050172
虽然现在自己研究内容的还不能在实际工作中应用， 找不到成就感，反而觉得还有太多不懂，多少有些浮躁和沮丧，想中途放弃，但是不甘心！还是继续坚持下去吧，量变到质变，有的放矢。相信总有一天，会感谢自己此时此刻的学习研究。[em]e130[\/em],5747,,198,0,,0,,虽然现在自己研究内容的还不能在实际工作中应用，&nbsp;找不到成就感，反而觉得还有太多不懂，多少有些浮躁和沮丧，想中途放弃，但是不甘心！还是继续坚持下去吧，量变到质变，有的放矢。相信总有一天，会感谢自己此时此刻的学习研究。\u003Cimg src=\u0022\/qzone\/em\/e130.gif\u0022  \/>\u003Cwbr  \/>,0,,,b8d095800100e209,2016/3/16 14:33,0,570381449,舒清,1000050171
我妈真的太考验我说话的情商了，以后和她说话之前一定三思而后言！！切记！[em]e134[\/em],5890,,197,0,,0,,我妈真的太考验我说话的情商了，以后和她说话之前一定三思而后言！！切记！\u003Cimg src=\u0022\/qzone\/em\/e134.gif\u0022  \/>\u003Cwbr  \/>,0,,,b8d095800100e209,2016/2/17 21:02,0,570381449,舒清,1000050168
明明一件喜事，却偏偏被搞得这么糟心。真无语O__O\u0022…。,5917,,196,0,,0,,明明一件喜事，却偏偏被搞得这么糟心。真无语O__O&quot;…。,4194304,,,b8d095800100e209,2016/2/16 0:04,0,570381449,舒清,1000050167
言多必失，慎言！,5957,,195,0,,0,,言多必失，慎言！,4194304,,,b8d095800100e209,2016/2/8 8:33,0,570381449,舒清,1000050165
熬完这段时间就好了。,5953,,194,0,,0,,熬完这段时间就好了。,0,,,b8d095800100e209,2016/1/30 15:04,0,570381449,舒清,1000050160
看着利强哥在丹麦哥本哈根出差的生活 感觉很向往，好好努力，下次争取也有机会去国外出差看看。[em]e130[\/em],5871,,193,0,,0,,看着利强哥在丹麦哥本哈根出差的生活&nbsp;感觉很向往，好好努力，下次争取也有机会去国外出差看看。\u003Cimg src=\u0022\/qzone\/em\/e130.gif\u0022  \/>\u003Cwbr  \/>,0,,,b8d095800100e209,2015/12/11 14:53,0,570381449,舒清,1000050159
南洋突然就去北京发展了，拓维14应届生貌似就剩我一个人了，大家都出去追寻更好的未来。这里像是一所学校，大家离职就像是从这里毕业。祝福他们！,5837,,192,0,,0,,南洋突然就去北京发展了，拓维14应届生貌似就剩我一个人了，大家都出去追寻更好的未来。这里像是一所学校，大家离职就像是从这里毕业。祝福他们！,0,,,b8d095800100e209,2015/11/5 11:35,0,570381449,舒清,1000050158
装修也是一门好复杂的综合学科，不想被坑，就得自己多学习。。,5915,,191,0,,0,,装修也是一门好复杂的综合学科，不想被坑，就得自己多学习。。,0,,,b8d095800100e209,2015/10/27 8:43,0,570381449,舒清,1000050156
      最近貌似喜欢坏东西啊，书包坏了，陪伴多年的电脑坏了，自行车也快退休了。想换新的，却又舍不得这些它们。电脑陪伴了我整个大学时光，用来还做了不少有意义的事情。自行车载着我走遍了长沙的每一个角落，他们都承载着我大学的记忆。电脑和单车的老化也提醒着我，时光的流逝，我要开始面对新的事物了。,5687,,190,0,,0,,&nbsp;&nbsp;&nbsp;&nbsp;&nbsp;&nbsp;最近貌似喜欢坏东西啊，书包坏了，陪伴多年的电脑坏了，自行车也快退休了。想换新的，却又舍不得这些它们。电脑陪伴了我整个大学时光，用来还做了不少有意义的事情。自行车载着我走遍了长沙的每一个角落，他们都承载着我大学的记忆。电脑和单车的老化也提醒着我，时光的流逝，我要开始面对新的事物了。,0,,,b8d095800100e209,2015/9/26 13:28,0,570381449,舒清,1000050155
单曲循环 李文慧――Yellow 唱到内心里的歌。也将印刻一段独特记忆在这首歌里！,5899,,189,0,,0,,单曲循环&nbsp;李文慧――Yellow&nbsp;唱到内心里的歌。也将印刻一段独特记忆在这首歌里！,0,,,b8d095800100e209,2015/8/19 20:52,0,570381449,舒清,1000050152
原来你在留言板上抒发感情哟……含蓄呀,5902,1439291825,188,0,,0,,原来你在留言板上抒发感情哟……含蓄呀,4194336,这都被你发现了啊,舒清,18c0958401008201,2015/8/11 18:33,0,646544084,Krystal,1000050151
患难才见真情。。。愿老舅顺利度过这个难关！,5931,,187,0,,0,,患难才见真情。。。愿老舅顺利度过这个难关！,0,,,b8d095800100e209,2015/7/18 16:27,0,570381449,舒清,1000050149
和家人一起吃饭，享受当下时光也是一种美好！,5931,,186,0,,0,,和家人一起吃饭，享受当下时光也是一种美好！,4194304,,,b8d095800100e209,2015/7/12 23:29,0,570381449,舒清,1000050148
俯卧撑减掉小肚子+linux学习[em]e130[\/em],5934,,185,0,,0,,俯卧撑减掉小肚子+linux学习\u003Cimg src=\u0022\/qzone\/em\/e130.gif\u0022  \/>\u003Cwbr  \/>,0,,,b8d095800100e209,2015/7/6 20:26,0,570381449,舒清,1000050146
不指望，才不会有失望。,5951,,184,0,,0,,不指望，才不会有失望。,4194304,,,b8d095800100e209,2015/6/14 22:27,0,570381449,舒清,1000050144
课程录制先告一段落，开始新的学习，不得不说课程录制让自己的学习更加踏实。继续保持这种习惯吧！,5881,,183,0,,0,,课程录制先告一段落，开始新的学习，不得不说课程录制让自己的学习更加踏实。继续保持这种习惯吧！,4194304,,,b8d095800100e209,2015/6/10 8:20,0,570381449,舒清,1000050142
无需现在羡慕别人游山玩水，做好当下自己该做的，因为未来美好的风景始终在为奋斗的你等待，而羡慕也就是只能永远的羡慕了。。,5855,,182,0,,0,,无需现在羡慕别人游山玩水，做好当下自己该做的，因为未来美好的风景始终在为奋斗的你等待，而羡慕也就是只能永远的羡慕了。。,0,,,b8d095800100e209,2015/5/31 20:00,0,570381449,舒清,1000050141
原来我也是一个不愿意租房，懒得搬东西的人。,5931,,181,0,,0,,原来我也是一个不愿意租房，懒得搬东西的人。,4194304,,,b8d095800100e209,2015/5/26 7:47,0,570381449,舒清,1000050140
诚意是化解矛盾的最好解决办法，回避是自取灭亡！感谢大家的支持。[em]e130[\/em][em]e130[\/em][em]e130[\/em],5872,,180,0,,0,,诚意是化解矛盾的最好解决办法，回避是自取灭亡！感谢大家的支持。\u003Cimg src=\u0022\/qzone\/em\/e130.gif\u0022  \/>\u003Cwbr  \/>\u003Cimg src=\u0022\/qzone\/em\/e130.gif\u0022  \/>\u003Cwbr  \/>\u003Cimg src=\u0022\/qzone\/em\/e130.gif\u0022  \/>\u003Cwbr  \/>,4194304,,,b8d095800100e209,2015/5/14 23:46,0,570381449,舒清,1000050138
天气变热，打开衣柜才发现压箱底的几件衣服都是2年前，4年前的短袖。濉Ｎ沂怯卸嗖辉嘎蛐乱路啊。。,5879,,179,0,,0,,天气变热，打开衣柜才发现压箱底的几件衣服都是2年前，4年前的短袖。濉Ｎ沂怯卸嗖辉嘎蛐乱路啊。。,0,,,b8d095800100e209,2015/5/1 17:23,0,570381449,舒清,1000050137
最好的状态就是一直能积极的有方向的去做一些事情，清哥加油~,5867,1429769479,178,0,,0,,最好的状态就是一直能积极的有方向的去做一些事情，清哥加油~,32,嗯，时刻保持心中的小太阳燃烧。,舒清,18d495800200c101,2015/4/23 12:45,0,1311565453,槭树絮语,1000050136
哇  干劲好大。我也得加油了~,5901,1429705580,177,0,,0,,哇&nbsp;&nbsp;干劲好大。我也得加油了~,32,[em]e130[\/em][em]e130[\/em],舒清,98d595840840a201,2015/4/20 20:54,0,376976240,骑行小蜗游,1000050134
有时真的需要和自己的惰性做斗争，需要逼着自己去折腾去钻研。如果娇姐不催我去搞明白那个GT为什么不能获取FPS，或许就那份测试报告就算是将就完成了。感谢娇姐对我的严格，让我为搞清GT不能获取FPS，从而我去主动加了腾GT的群，和腾讯的开发人员交流软件问题，还获取了一些有价值的干货资料，以及相关招聘职位需求，虽然现在离他们的要求还相差很远很远，但是我现在完全有时间和精力，有条件去弥补自己还不会的，现在在拓维也有这样的学习机会和资料，身边有可以请教的开发高手，SVN有可以看的文档资料，接下来只是需要我把这些资源运用起来，需要执行力去坚持。相信自己到达一个更高的平台，和获取更好的报酬，不论是物质还是精神上的。趁现在还没有什么太多束缚和负担的时候，珍惜时间，拿出考研时的学习劲头去埋头苦学吧，相信有一天未来的我 会感谢自己的努力。[em]e130[\/em],5248,,176,0,,0,,有时真的需要和自己的惰性做斗争，需要逼着自己去折腾去钻研。如果娇姐不催我去搞明白那个GT为什么不能获取FPS，或许就那份测试报告就算是将就完成了。感谢娇姐对我的严格，让我为搞清GT不能获取FPS，从而我去主动加了腾GT的群，和腾讯的开发人员交流软件问题，还获取了一些有价值的干货资料，以及相关招聘职位需求，虽然现在离他们的要求还相差很远很远，但是我现在完全有时间和精力，有条件去弥补自己还不会的，现在在拓维也有这样的学习机会和资料，身边有可以请教的开发高手，SVN有可以看的文档资料，接下来只是需要我把这些资源运用起来，需要执行力去坚持。相信自己到达一个更高的平台，和获取更好的报酬，不论是物质还是精神上的。趁现在还没有什么太多束缚和负担的时候，珍惜时间，拿出考研时的学习劲头去埋头苦学吧，相信有一天未来的我&nbsp;会感谢自己的努力。\u003Cimg src=\u0022\/qzone\/em\/e130.gif\u0022  \/>\u003Cwbr  \/>,0,,,b8d095800100e209,2015/4/20 12:48,0,570381449,舒清,1000050133
和劲哥，和小凯，和封公子，和凯哥……和身边的这些前辈相比虽然我在物质收入上不如他们，但是我是最年轻的，我拥有宝贵的时间资源和精力，我还有时间去努力得到自己想要的，有时间去折腾，去闯荡。世界这么大，我可以出去闯，为啥要局限的想问题呢？！,5739,,175,0,,0,,和劲哥，和小凯，和封公子，和凯哥……和身边的这些前辈相比虽然我在物质收入上不如他们，但是我是最年轻的，我拥有宝贵的时间资源和精力，我还有时间去努力得到自己想要的，有时间去折腾，去闯荡。世界这么大，我可以出去闯，为啥要局限的想问题呢？！,0,,,b8d095800100e209,2015/4/17 21:54,0,570381449,舒清,1000050132
于万家灯火阑珊之中，探寻一个青春安置点。,5933,,174,0,,0,,于万家灯火阑珊之中，探寻一个青春安置点。,4194304,,,b8d095800100e209,2015/4/16 21:48,0,570381449,舒清,1000050131
信任才是最有力的保障。,5951,,173,0,,0,,信任才是最有力的保障。,4194304,,,b8d095800100e209,2015/3/17 23:00,0,570381449,舒清,1000050128
事情杂乱，工作节奏不能乱，戒骄戒躁。把握自己的节奏，好好迎接接下来的忙碌吧！,5897,,172,0,,0,,事情杂乱，工作节奏不能乱，戒骄戒躁。把握自己的节奏，好好迎接接下来的忙碌吧！,0,,,b8d095800100e209,2015/3/17 19:56,0,570381449,舒清,1000050127
多多锻炼身体，感觉过完年回来身体都不怎么动了。。春天要到了，不把身体练扎实容易感冒。。,5887,,171,0,,0,,多多锻炼身体，感觉过完年回来身体都不怎么动了。。春天要到了，不把身体练扎实容易感冒。。,0,,,98d595840840a201,2015/3/15 16:00,2015/3/15 16:00,376976240,骑行小蜗游,1000050126
年轻人，怎么突然想起要不熬夜啦？,5829,1426057125,170,0,,0,,年轻人，怎么突然想起要不熬夜啦？,4194336,[em]e120[\/em][em]e120[\/em][em]e120[\/em][em]e120[\/em],对外汉语蒋芳,18d415800000c421,2015/3/11 13:48,0,1164935241,对外汉语蒋芳,1000050125
I [em]e166[\/em]U,5768,1425483677,169,0,,0,,I&nbsp;\u003Cimg src=\u0022\/qzone\/em\/e166.gif\u0022  \/>\u003Cwbr  \/>U,4194336,[em]e136[\/em][em]e136[\/em][em]e146[\/em],舒清,18d415800000c421,2015/3/4 23:37,0,1164935241,对外汉语蒋芳,1000050124
"要是这周不自己折腾jmeter,工作周报上还真没啥东西写，看来没事还得自我折腾，自我充实。",5890,,168,0,,0,,"要是这周不自己折腾jmeter,工作周报上还真没啥东西写，看来没事还得自我折腾，自我充实。",0,,,b8d095800100e209,2015/2/28 18:57,0,570381449,舒清,1000050123
开始回到工作岗位啦，这一年又将经历什么样的事情，遇到什么样的人，去到什么样的地方，敬请期待吧！,5879,,167,0,,0,,开始回到工作岗位啦，这一年又将经历什么样的事情，遇到什么样的人，去到什么样的地方，敬请期待吧！,0,,,b8d095800100e209,2015/2/25 23:19,0,570381449,舒清,1000050122
猜不透，看不懂。。。,5953,,166,0,,0,,猜不透，看不懂。。。,0,,,b8d095800100e209,2015/2/15 23:02,0,570381449,舒清,1000050121
下一个目标，某人开始准备了。[em]e130[\/em],5932,,165,0,,0,,下一个目标，某人开始准备了。\u003Cimg src=\u0022\/qzone\/em\/e130.gif\u0022  \/>\u003Cwbr  \/>,0,,,b8d095800100e209,2015/2/13 23:16,0,570381449,舒清,1000050120
"曙光来临,哈利路亚！",5954,,164,0,,0,,"曙光来临,哈利路亚！",0,,,b8d095800100e209,2015/2/10 0:49,0,570381449,舒清,1000050119
熬过黎明前的黑夜，便能见到希望的曙光！,5935,,163,0,,0,,熬过黎明前的黑夜，便能见到希望的曙光！,0,,,b8d095800100e209,2015/2/9 11:36,0,570381449,舒清,1000050118
下班，碎觉！希望9号上线后一切顺利，安心过年！,5928,,162,0,,0,,下班，碎觉！希望9号上线后一切顺利，安心过年！,4194304,,,b8d095800100e209,2015/2/6 5:12,0,570381449,舒清,1000050116
工作与爱情，两套教程，最后还有两证。年前的计划已经完成，虽然还有一些没有完成，有些小遗憾，不过明年继续！fighting!,5860,,161,0,,0,,工作与爱情，两套教程，最后还有两证。年前的计划已经完成，虽然还有一些没有完成，有些小遗憾，不过明年继续！fighting!,0,,,b8d095800100e209,2015/2/3 19:49,0,570381449,舒清,1000050115
为何习惯在感情中显得那么悲弱和较真呢？,5935,,160,0,,0,,为何习惯在感情中显得那么悲弱和较真呢？,4194304,,,b8d095800100e209,2015/1/29 0:36,0,570381449,舒清,1000050113
"你是个很有实力的人，如今我和你的差距也在越来越远，我也要好好规划一下自己，先向你学习。把丢失的自我找回来。
[quote]引自：舒清  于 2015-01-21 19:14:37 发表的留言
引用内容：

看看安大叔的空间里学员的offer便知道差距了，同样是和自己一个职位，人家能拿高于自己好几倍的薪水原因是什么？是能力，自己也该朝这些目标看齐，多充实自己！弥补差距。[\/quote]",5597,1421903857,159,0,,0,,你是个很有实力的人，如今我和你的差距也在越来越远，我也要好好规划一下自己，先向你学习。把丢失的自我找回来。\u003Cbr  \/>\u003Cdiv class=\u0022comment_quote bor\u0022>引自：舒清&nbsp;&nbsp;于&nbsp;2015-01-21&nbsp;19:14:37&nbsp;发表的留言\u003Cbr  \/>引用内容：\u003Cbr  \/>\u003Cbr  \/>看看安大叔的空间里学员的offer便知道差距了，同样是和自己一个职位，人家能拿高于自己好几倍的薪水原因是什么？是能力，自己也该朝这些目标看齐，多充实自己！弥补差距。\u003C\/div>,32,一起找回自我！,舒清,98d595840840a201,2015/1/22 11:15,0,376976240,骑行小蜗游,1000050112
看看安大叔的空间里学员的offer便知道差距了，同样是和自己一个职位，人家能拿高于自己好几倍的薪水原因是什么？是能力，自己也该朝这些目标看齐，多充实自己！弥补差距。,5814,,158,0,,0,,看看安大叔的空间里学员的offer便知道差距了，同样是和自己一个职位，人家能拿高于自己好几倍的薪水原因是什么？是能力，自己也该朝这些目标看齐，多充实自己！弥补差距。,0,,,b8d095800100e209,2015/1/21 19:14,0,570381449,舒清,1000050111
慢慢开始找回执着于专注于做自己想做事情的我……不为外界所干扰，不以物喜不以己悲。,5893,,157,0,,0,,慢慢开始找回执着于专注于做自己想做事情的我……不为外界所干扰，不以物喜不以己悲。,0,,,b8d095800100e209,2015/1/20 23:51,0,570381449,舒清,1000050110
"哇  最近研究了什么新技术呢？交流下~
[quote]引自：舒清  于 2015-01-16 22:40:11 发表的留言
引用内容：

一个多月的闭关修炼，第二套视频教程录制完成，感觉还是很开心，一边学习和自己工作相关东西，顺便赚点小外快，感觉也还挺充实的，总比自己以前下班后漫无目的的上网看视频要好。接下来继续学习准备下一套课程的录制，用实际行动一步步实现自己的目标！fighting![em]e130[\/em][\/quote]",5509,1421718702,156,0,,0,,哇&nbsp;&nbsp;最近研究了什么新技术呢？交流下~\u003Cbr  \/>\u003Cdiv class=\u0022comment_quote bor\u0022>引自：舒清&nbsp;&nbsp;于&nbsp;2015-01-16&nbsp;22:40:11&nbsp;发表的留言\u003Cbr  \/>引用内容：\u003Cbr  \/>\u003Cbr  \/>一个多月的闭关修炼，第二套视频教程录制完成，感觉还是很开心，一边学习和自己工作相关东西，顺便赚点小外快，感觉也还挺充实的，总比自己以前下班后漫无目的的上网看视频要好。接下来继续学习准备下一套课程的录制，用实际行动一步步实现自己的目标！fighting!\u003Cimg src=\u0022\/qzone\/em\/e130.gif\u0022  \/>\u003Cwbr  \/>\u003C\/div>,32,其实没有啥研究，就是在我要自学网出了第二套视频教程。接下来准备出第三套教程。,舒清,98d595840840a201,2015/1/20 9:50,0,376976240,骑行小蜗游,1000050109
要是天气好还真准备飞过去发一天呆，然后再飞回来了。。。,5919,,155,0,,0,,要是天气好还真准备飞过去发一天呆，然后再飞回来了。。。,4194304,,,b8d095800100e209,2015/1/17 15:22,0,570381449,舒清,1000050108
一个多月的闭关修炼，第二套视频教程录制完成，感觉还是很开心，一边学习和自己工作相关东西，顺便赚点小外快，感觉也还挺充实的，总比自己以前下班后漫无目的的上网看视频要好。接下来继续学习准备下一套课程的录制，用实际行动一步步实现自己的目标！fighting![em]e130[\/em],5717,,154,0,,0,,一个多月的闭关修炼，第二套视频教程录制完成，感觉还是很开心，一边学习和自己工作相关东西，顺便赚点小外快，感觉也还挺充实的，总比自己以前下班后漫无目的的上网看视频要好。接下来继续学习准备下一套课程的录制，用实际行动一步步实现自己的目标！fighting!\u003Cimg src=\u0022\/qzone\/em\/e130.gif\u0022  \/>\u003Cwbr  \/>,0,,,b8d095800100e209,2015/1/16 22:40,0,570381449,舒清,1000050107
不以物喜，不以己悲。,5953,,153,0,,0,,不以物喜，不以己悲。,0,,,b8d095800100e209,2015/1/14 11:40,0,570381449,舒清,1000050105
清哥，好久没来你空间，原来你的动态都在你的留言板里啦，看来以后我要多来看看你的留言板啊[em]e120[\/em],5808,1421206803,152,0,,0,,清哥，好久没来你空间，原来你的动态都在你的留言板里啦，看来以后我要多来看看你的留言板啊\u003Cimg src=\u0022\/qzone\/em\/e120.gif\u0022  \/>\u003Cwbr  \/>,32,这都被你发现了。[em]e113[\/em]非常感谢你的关注！,舒清,d85495800300c121,2015/1/14 11:13,0,2406750635,珂声紫陌空[em]e327809[\/em],1000050104
做让自己有成就感的事情。,5949,,151,0,,0,,做让自己有成就感的事情。,0,,,b8d095800100e209,2015/1/7 14:52,0,570381449,舒清,1000050103
"[ft=#494949,,宋体]纵你远行，容你休憩，感情原本是可以这样的自由，心安。[\/ft]",5898,,150,0,,0,,\u003Cspan style=\u0022line-height:1.8em;font-family:宋体;color:#494949;\u0022>纵你远行，容你休憩，感情原本是可以这样的自由，心安。\u003C\/span>\u003Cwbr  \/>,0,,,b8d095800100e209,2015/1/2 0:35,0,570381449,舒清,1000050102
"单曲循环那英的《云南美》，人在湖南，心在云南。知道自己早就中了云南的毒，只是一直没有条件去解这个毒。2015，该把这个毒解掉了，现在有能力为自己梦想买单了，就不能再拖了。昆明，大理，丽江，香格里拉，梅里雪山……魂牵梦绕的地方该让自己去置身其中了，有些地方再不去，或许一辈子都去不了了。2015，让我们相约在彩云之南！！！
！！！",5620,1439988654,149,0,,0,,单曲循环那英的《云南美》，人在湖南，心在云南。知道自己早就中了云南的毒，只是一直没有条件去解这个毒。2015，该把这个毒解掉了，现在有能力为自己梦想买单了，就不能再拖了。昆明，大理，丽江，香格里拉，梅里雪山……魂牵梦绕的地方该让自己去置身其中了，有些地方再不去，或许一辈子都去不了了。2015，让我们相约在彩云之南！！！\u003Cbr  \/>！！！,32,去伊犁解毒吧。,舒清,b8d095800100e209,2015/1/1 16:37,0,570381449,舒清,1000050101
否极泰来，2014年最后几天经历了各种措手不及的烦心事，2015本命年会有什么样的惊喜呢？！期待中。,5881,,148,0,,0,,否极泰来，2014年最后几天经历了各种措手不及的烦心事，2015本命年会有什么样的惊喜呢？！期待中。,0,,,b8d095800100e209,2014/12/31 20:35,0,570381449,舒清,1000050100
这几天TMD怎么这么多突然的事情啊，没想到昨天的小聚餐居然成了最后的散伙饭，第一次真切的感受到裁员原来是这么的简单粗暴和现实！工作不易，生活不易，感情不易，且行且珍惜！,5808,,147,0,,0,,这几天TMD怎么这么多突然的事情啊，没想到昨天的小聚餐居然成了最后的散伙饭，第一次真切的感受到裁员原来是这么的简单粗暴和现实！工作不易，生活不易，感情不易，且行且珍惜！,0,,,b8d095800100e209,2014/12/31 16:23,0,570381449,舒清,1000050099
累了，醉了，该休息了……,5949,,146,0,,0,,累了，醉了，该休息了……,0,,,b8d095800100e209,2014/12/30 23:38,0,570381449,舒清,1000050098
"庸人自扰，何苦再自作多情，2014即将成为过去，2015将展开新的一页，相信新的一年会邂逅自己想要的……
",5875,,145,0,,0,,庸人自扰，何苦再自作多情，2014即将成为过去，2015将展开新的一页，相信新的一年会邂逅自己想要的……\u003Cbr  \/>,0,,,b8d095800100e209,2014/12/29 22:00,2014/12/29 22:10,570381449,舒清,1000050097
看到空间动态里周哥和黄姐的结婚证件照，衷心为他们祝福！周哥虽然没车没房，但是有一颗拼搏心，黄姐即使有很多有钱的男生追求，但是她一直很遵从内心的选择，于是他们走在了一起，修成了正果，祝福他们！！,5781,,144,0,,0,,看到空间动态里周哥和黄姐的结婚证件照，衷心为他们祝福！周哥虽然没车没房，但是有一颗拼搏心，黄姐即使有很多有钱的男生追求，但是她一直很遵从内心的选择，于是他们走在了一起，修成了正果，祝福他们！！,0,,,b8d095800100e209,2014/12/19 22:45,0,570381449,舒清,1000050096
开源节流，放弃安逸，自己给自己的苦不算幸苦，多折腾总会有收获的!,5910,,143,0,,0,,开源节流，放弃安逸，自己给自己的苦不算幸苦，多折腾总会有收获的!,0,,,b8d095800100e209,2014/12/18 22:09,0,570381449,舒清,1000050095
想让自己牛逼，先让自己苦逼吧！接下来两个月让自己再苦逼一把。,5913,,142,0,,0,,想让自己牛逼，先让自己苦逼吧！接下来两个月让自己再苦逼一把。,4194304,,,b8d095800100e209,2014/12/13 20:06,0,570381449,舒清,1000050092
"年纪大了。。哈哈
[quote]引自：清哥~~  于 2014-12-08 19:22:11 发表的留言
引用内容：

最近我是怎么了，喜欢丢三落四的，掉寝室钥匙，掉自行车钥匙，掉U盘，今天还差点掉钱包！！濉！Ｊ遣皇翘不在状态了，得好好注意了。。[\/quote]",5708,1418279314,141,0,,0,,年纪大了。。哈哈\u003Cbr  \/>\u003Cdiv class=\u0022comment_quote bor\u0022>引自：清哥~~&nbsp;&nbsp;于&nbsp;2014-12-08&nbsp;19:22:11&nbsp;发表的留言\u003Cbr  \/>引用内容：\u003Cbr  \/>\u003Cbr  \/>最近我是怎么了，喜欢丢三落四的，掉寝室钥匙，掉自行车钥匙，掉U盘，今天还差点掉钱包！！濉！Ｊ遣皇翘不在状态了，得好好注意了。。\u003C\/div>,32,[em]e136[\/em]老了啊。。,舒清,18d495800200c101,2014/12/11 12:29,0,1311565453,槭树絮语,1000050091
最近我是怎么了，喜欢丢三落四的，掉寝室钥匙，掉自行车钥匙，掉U盘，今天还差点掉钱包！！濉！Ｊ遣皇翘不在状态了，得好好注意了。。,5846,,140,0,,0,,最近我是怎么了，喜欢丢三落四的，掉寝室钥匙，掉自行车钥匙，掉U盘，今天还差点掉钱包！！濉！Ｊ遣皇翘不在状态了，得好好注意了。。,0,,,b8d095800100e209,2014/12/8 19:22,0,570381449,舒清,1000050090
人总是会腻的，爱情如是，工作如是。激情也会回归平淡。可平淡也是福，所以不要纠缠这个问题了。,5883,,139,0,,0,,人总是会腻的，爱情如是，工作如是。激情也会回归平淡。可平淡也是福，所以不要纠缠这个问题了。,4194304,,,18d415800000c421,2014/12/5 2:21,0,1164935241,对外汉语蒋芳,1000050089
晚上和身边的同事彭志一起混完食堂坐他车去他家溜达了一下。虽然他现在有车有房有老婆一切看起来很幸福美满的样子，但是他却说没有什么家庭的感觉，工作上跳槽失败受挫，也没什么自己满意的成绩，家庭上不是很和睦，有房现在一个人住....问他的梦想，没有！说等我结婚就知道了，现在只想上上班，回家lol按部就班就可以了。。额，未来我也会这样吗？成家真的会磨灭曾经的激情吗？好好珍惜现在吧！,5606,,138,0,,0,,晚上和身边的同事彭志一起混完食堂坐他车去他家溜达了一下。虽然他现在有车有房有老婆一切看起来很幸福美满的样子，但是他却说没有什么家庭的感觉，工作上跳槽失败受挫，也没什么自己满意的成绩，家庭上不是很和睦，有房现在一个人住....问他的梦想，没有！说等我结婚就知道了，现在只想上上班，回家lol按部就班就可以了。。额，未来我也会这样吗？成家真的会磨灭曾经的激情吗？好好珍惜现在吧！,4194304,,,b8d095800100e209,2014/12/3 20:03,0,570381449,舒清,1000050088
送给叮当妹的爱情豆终于开始结果了，她明年要结婚了，为她祝福！,5913,,137,0,,0,,送给叮当妹的爱情豆终于开始结果了，她明年要结婚了，为她祝福！,0,,,b8d095800100e209,2014/12/2 20:03,0,570381449,舒清,1000050087
定格所有的美好！ 2Day.,5951,,136,0,,0,,定格所有的美好！&nbsp;2Day.,4194304,,,b8d095800100e209,2014/11/28 22:22,0,570381449,舒清,1000050085
第二个生日快乐！,5889,1416184258,135,0,,0,,第二个生日快乐！,4194336,哈哈，原来你还关注着第二个9月哈，我都没在意，3Q。,舒清,98d595840840a201,2014/11/17 7:43,0,376976240,骑行小蜗游,1000050080
没想到网上挂号这么顺利，希望接下来的一切都顺利吧！祈祷！,5917,,134,0,,0,,没想到网上挂号这么顺利，希望接下来的一切都顺利吧！祈祷！,0,,,b8d095800100e209,2014/11/9 20:42,0,570381449,舒清,1000050079
家人的健康永远是自己心头的牵挂，又要去医院了，真心希望以后永远没有机会去那地方。,5893,,133,0,,0,,家人的健康永远是自己心头的牵挂，又要去医院了，真心希望以后永远没有机会去那地方。,0,,,b8d095800100e209,2014/11/8 10:35,0,570381449,舒清,1000050078
今天是怎么了，各种不好的事情，早上看到师大老师去世，中午，练车一团糟，下午笔记内容让人心痛，晚上又收到了家里传来的坏消息，唉！希望今天快点过去吧，不喜欢这种状态！！,5809,,132,0,,0,,今天是怎么了，各种不好的事情，早上看到师大老师去世，中午，练车一团糟，下午笔记内容让人心痛，晚上又收到了家里传来的坏消息，唉！希望今天快点过去吧，不喜欢这种状态！！,4194304,,,b8d095800100e209,2014/11/7 18:30,0,570381449,舒清,1000050077
立冬，寒心。,5961,,131,0,,0,,立冬，寒心。,4194304,,,b8d095800100e209,2014/11/7 16:47,0,570381449,舒清,1000050076
努力兑现自己的承诺！[em]e130[\/em],5940,,130,0,,0,,努力兑现自己的承诺！\u003Cimg src=\u0022\/qzone\/em\/e130.gif\u0022  \/>\u003Cwbr  \/>,4194304,,,b8d095800100e209,2014/11/6 10:26,0,570381449,舒清,1000050075
多一些忍让，多一点退步，尽量多留下一些美好的记忆，少一些遗憾吧。,5909,,129,0,,0,,多一些忍让，多一点退步，尽量多留下一些美好的记忆，少一些遗憾吧。,0,,,b8d095800100e209,2014/11/3 23:19,0,570381449,舒清,1000050074
检验默契度的标准就是聊QQ能不产生误会。,5935,,128,0,,0,,检验默契度的标准就是聊QQ能不产生误会。,4194304,,,b8d095800100e209,2014/11/1 19:09,0,570381449,舒清,1000050073
体重120了，欧耶！长肉了！[em]e144[\/em],5935,,127,0,,0,,体重120了，欧耶！长肉了！\u003Cimg src=\u0022\/qzone\/em\/e144.gif\u0022  \/>\u003Cwbr  \/>,0,,,b8d095800100e209,2014/10/24 23:45,0,570381449,舒清,1000050071
"貌似这次都是研究生学长学姐啊[em]e143[\/em] 
[quote]引自：猪花妹  于 2014-10-24 15:49:05 发表的留言
引用内容：

又一大波学妹学弟来袭。。。加油啊。。。[\/quote]",5813,,126,0,,0,,貌似这次都是研究生学长学姐啊\u003Cimg src=\u0022\/qzone\/em\/e143.gif\u0022  \/>\u003Cwbr  \/>&nbsp;\u003Cbr  \/>\u003Cdiv class=\u0022comment_quote bor\u0022>引自：猪花妹&nbsp;&nbsp;于&nbsp;2014-10-24&nbsp;15:49:05&nbsp;发表的留言\u003Cbr  \/>引用内容：\u003Cbr  \/>\u003Cbr  \/>又一大波学妹学弟来袭。。。加油啊。。。\u003C\/div>,0,,,b8d095800100e209,2014/10/24 23:42,0,570381449,舒清,1000050070
又一大波学妹学弟来袭。。。加油啊。。。,5935,,125,0,,0,,又一大波学妹学弟来袭。。。加油啊。。。,0,,,18d495800200c101,2014/10/24 15:49,0,1311565453,槭树絮语,1000050069
清哥生日快乐，深圳发来贺电。。[em]e168[\/em][em]e168[\/em][em]e168[\/em][em]e168[\/em],5891,,124,0,,0,,清哥生日快乐，深圳发来贺电。。\u003Cimg src=\u0022\/qzone\/em\/e168.gif\u0022  \/>\u003Cwbr  \/>\u003Cimg src=\u0022\/qzone\/em\/e168.gif\u0022  \/>\u003Cwbr  \/>\u003Cimg src=\u0022\/qzone\/em\/e168.gif\u0022  \/>\u003Cwbr  \/>\u003Cimg src=\u0022\/qzone\/em\/e168.gif\u0022  \/>\u003Cwbr  \/>,4194304,,,18d495800200c101,2014/10/18 22:41,0,1311565453,槭树絮语,1000050067
哈哈 之前那条留言貌似不带地址，这一条有了。再次祝你生日快乐哈。你的礼物会带达的！[img]http:\/\/p.qpic.cn\/wallwatermark\/376976240\/14135681042986240\/0[\/img],5740,1414045114,123,0,,0,,哈哈&nbsp;之前那条留言貌似不带地址，这一条有了。再次祝你生日快乐哈。你的礼物会带达的！\u003Ca href=\u0022http:\/\/p.qpic.cn\/wallwatermark\/376976240\/14135681042986240\/0\u0022 target=\u0022_blank\u0022>\u003Cimg src=\u0022http:\/\/p.qpic.cn\/wallwatermark\/376976240\/14135681042986240\/0\u0022  \/>\u003C\/a>\u003Cwbr  \/>,32,当时没有开GPS 没有定位到。,骑行小蜗游,98d595840840a201,2014/10/18 1:46,0,376976240,骑行小蜗游,1000050066
生日快乐！来自澳门的贺电！[img]http:\/\/p.qpic.cn\/wallwatermark\/376976240\/14135620867516240\/0[\/img],5827,1413562153,122,0,,0,,生日快乐！来自澳门的贺电！\u003Ca href=\u0022http:\/\/p.qpic.cn\/wallwatermark\/376976240\/14135620867516240\/0\u0022 target=\u0022_blank\u0022>\u003Cimg src=\u0022http:\/\/p.qpic.cn\/wallwatermark\/376976240\/14135620867516240\/0\u0022  \/>\u003C\/a>\u003Cwbr  \/>,32,[em]e113[\/em]3Q，都到澳门了哈~,舒清,98d595840840a201,2014/10/18 0:08,0,376976240,骑行小蜗游,1000050065
好吧，现在开始做开发，可能会比较苦逼一些。不过是锻炼自己的机会。,5726,1412852227,121,0,,0,,好吧，现在开始做开发，可能会比较苦逼一些。不过是锻炼自己的机会。,4194336,让自己进步的最好办法就是逼迫自己远离舒适与安逸，现在被调到公司核心技术组学习，空间还是很大的，虽然可能压力和事情会比做测试多得多，但是相信自己接下来会学到很多东西。,舒清,b8d095800100e209,2014/10/9 18:34,0,570381449,舒清,1000050063
清哥来深圳玩。。。。。。带你吃好吃的。,5889,1412637273,120,0,,0,,清哥来深圳玩。。。。。。带你吃好吃的。,4194336,花妹也在诱惑我[em]e113[\/em],舒清,18d495800200c101,2014/10/6 22:16,0,1311565453,槭树絮语,1000050062
看了小游子分享的深圳蓝天白云大海照片，还办了港澳通行证，准备澳门之行。平静的内心突然变得开始躁动起来[em]e105[\/em]。,5858,,119,0,,0,,看了小游子分享的深圳蓝天白云大海照片，还办了港澳通行证，准备澳门之行。平静的内心突然变得开始躁动起来\u003Cimg src=\u0022\/qzone\/em\/e105.gif\u0022  \/>\u003Cwbr  \/>。,4194304,,,b8d095800100e209,2014/9/30 23:29,0,570381449,舒清,1000050061
"国庆假期间计划 ：
1.复习科目一 2.看完《全世界笑而过》 3.继续学习python编程 准备自学网python基础课程的开课申请。",5862,,118,0,,0,,国庆假期间计划&nbsp;：\u003Cbr  \/>1.复习科目一&nbsp;2.看完《全世界笑而过》&nbsp;3.继续学习python编程&nbsp;准备自学网python基础课程的开课申请。,4194304,,,b8d095800100e209,2014/9/28 15:39,0,570381449,舒清,1000050060
“念念不忘，必有回应” 对思思老师这句话很有共鸣。的确，没有盼头，哪有动力去追寻。强调了目标对人的引导作用，你没有进步，没有实现曾经的梦想，那是你一直让自己过得很舒服，不愿改变自己。这段时间用下班后的业余时间折腾自学网教程，感觉收获颇多，找到了一种特殊的感觉。接下来要继续保持目标导向性，向着目标一步步迈进！拿汽车驾照，开网店，云南之行，房子，车子，欧洲行.....要把这些日记本里目标努力变成现实，加油！[em]e130[\/em],5560,,117,0,,0,,“念念不忘，必有回应”&nbsp;对思思老师这句话很有共鸣。的确，没有盼头，哪有动力去追寻。强调了目标对人的引导作用，你没有进步，没有实现曾经的梦想，那是你一直让自己过得很舒服，不愿改变自己。这段时间用下班后的业余时间折腾自学网教程，感觉收获颇多，找到了一种特殊的感觉。接下来要继续保持目标导向性，向着目标一步步迈进！拿汽车驾照，开网店，云南之行，房子，车子，欧洲行.....要把这些日记本里目标努力变成现实，加油！\u003Cimg src=\u0022\/qzone\/em\/e130.gif\u0022  \/>\u003Cwbr  \/>,4194304,,,b8d095800100e209,2014/9/28 15:35,0,570381449,舒清,1000050059
当再一次打开马蜂窝有关瑞士的游记，瞬间感觉心灵被这美景洗涤了。苏黎世，卢塞恩，日内瓦，洛桑...翻开以前的日记，欧洲之行是自己的遥远的梦想，说自己以后一定努力去实现，而现在自己毕业了，是该努力为自己梦想奋斗了，自己的梦想自己买单！别让梦想变成空想，珍惜时间，别外为一些琐事浪费自己精力。加油！[em]e130[\/em][em]e130[\/em][em]e130[\/em],5637,,116,0,,0,,当再一次打开马蜂窝有关瑞士的游记，瞬间感觉心灵被这美景洗涤了。苏黎世，卢塞恩，日内瓦，洛桑...翻开以前的日记，欧洲之行是自己的遥远的梦想，说自己以后一定努力去实现，而现在自己毕业了，是该努力为自己梦想奋斗了，自己的梦想自己买单！别让梦想变成空想，珍惜时间，别外为一些琐事浪费自己精力。加油！\u003Cimg src=\u0022\/qzone\/em\/e130.gif\u0022  \/>\u003Cwbr  \/>\u003Cimg src=\u0022\/qzone\/em\/e130.gif\u0022  \/>\u003Cwbr  \/>\u003Cimg src=\u0022\/qzone\/em\/e130.gif\u0022  \/>\u003Cwbr  \/>,4194304,,,b8d095800100e209,2014/9/21 16:38,0,570381449,舒清,1000050057
还是喜欢现在忙碌和充实的状态。。,5933,,115,0,,0,,还是喜欢现在忙碌和充实的状态。。,4194304,,,b8d095800100e209,2014/9/17 23:51,0,570381449,舒清,1000050055
越努力越幸运，OK！经过几个星期的艰难等待与磨炼，今天算是得到了自己想要的结果，顺利签约！后面得要好好加油了。[em]e130[\/em],5844,,114,0,,0,,越努力越幸运，OK！经过几个星期的艰难等待与磨炼，今天算是得到了自己想要的结果，顺利签约！后面得要好好加油了。\u003Cimg src=\u0022\/qzone\/em\/e130.gif\u0022  \/>\u003Cwbr  \/>,4194304,,,b8d095800100e209,2014/9/12 16:24,0,570381449,舒清,1000050054
只愿得一人心，白首不分离。,5939,,113,0,,0,,只愿得一人心，白首不分离。,4194304,,,b8d095800100e209,2014/9/11 10:27,0,570381449,舒清,1000050053
清哥月饼节快乐。,5920,1410132813,112,0,,0,,清哥月饼节快乐。,4194336,恩，同乐！,舒清,18d495800200c101,2014/9/8 0:11,0,1311565453,槭树絮语,1000050052
果然清哥谈了恋爱就是不一样呀！[em]e120[\/em][em]e120[\/em][em]e120[\/em],5855,1409757895,111,0,,0,,果然清哥谈了恋爱就是不一样呀！\u003Cimg src=\u0022\/qzone\/em\/e120.gif\u0022  \/>\u003Cwbr  \/>\u003Cimg src=\u0022\/qzone\/em\/e120.gif\u0022  \/>\u003Cwbr  \/>\u003Cimg src=\u0022\/qzone\/em\/e120.gif\u0022  \/>\u003Cwbr  \/>,4194336,[em]e113[\/em]瞎感叹下~,舒清,18d495800200c101,2014/9/3 23:24,0,1311565453,槭树絮语,1000050051
如果爱情与现实真的来一场彻底的较量，估计爱情会输得很惨。因为人都自私的，男人希望找温柔漂亮的，女人希望找有车有房有钱的，所以爱情之花必须有物质来浇灌。那些我们曾经深信不疑的，相濡以沫的爱情，在现代社会其实是奢侈品。物欲横流的现代社会，还有有多少是抛开物质利益纯粹的爱情？庆幸自己当初的价值观还是很合时代需求的：爱情在一定物质基础上的奢侈品！好好加油吧，努力打好组织基础。,5595,,110,0,,0,,如果爱情与现实真的来一场彻底的较量，估计爱情会输得很惨。因为人都自私的，男人希望找温柔漂亮的，女人希望找有车有房有钱的，所以爱情之花必须有物质来浇灌。那些我们曾经深信不疑的，相濡以沫的爱情，在现代社会其实是奢侈品。物欲横流的现代社会，还有有多少是抛开物质利益纯粹的爱情？庆幸自己当初的价值观还是很合时代需求的：爱情在一定物质基础上的奢侈品！好好加油吧，努力打好组织基础。,4194304,,,b8d095800100e209,2014/9/3 9:00,0,570381449,舒清,1000050050
很奢侈的在上班时间看了一下午魅族MX4发布会视频，真的是碉堡了，工艺，价格，配置完胜某友商！结合魅族和小米的恩怨情仇，魅族的风格的确很让人感动，就像那句话说的小米是卖手机的，魅族是做手机的。,5778,,109,0,,0,,很奢侈的在上班时间看了一下午魅族MX4发布会视频，真的是碉堡了，工艺，价格，配置完胜某友商！结合魅族和小米的恩怨情仇，魅族的风格的确很让人感动，就像那句话说的小米是卖手机的，魅族是做手机的。,4194304,,,b8d095800100e209,2014/9/2 16:48,0,570381449,舒清,1000050049
出去换个环境换种心态吧。,5941,,108,0,,0,,出去换个环境换种心态吧。,4194304,,,b8d095800100e209,2014/8/23 14:29,0,570381449,舒清,1000050048
做了一个什么伟大的计划呢？,5880,1408376815,107,0,,0,,做了一个什么伟大的计划呢？,32,额，不是伟大计划呢，就是日常学习计划。,舒清,98d595840840a201,2014/8/18 21:21,0,376976240,骑行小蜗游,1000050047
仁者不忧，智者不惑，勇者不惧。――致浮躁的自己。,5917,,106,0,,0,,仁者不忧，智者不惑，勇者不惧。――致浮躁的自己。,4194304,,,b8d095800100e209,2014/8/16 14:52,0,570381449,舒清,1000050044
喜欢就会坚持。,5914,1408169266,105,0,,0,,喜欢就会坚持。,4194336,这个理由很充分！,舒清,18d415800000c421,2014/8/16 14:05,0,1164935241,对外汉语蒋芳,1000050042
当计划一次次赶不上变化时，请给我一个坚持下去的理由。,5913,,104,0,,0,,当计划一次次赶不上变化时，请给我一个坚持下去的理由。,4194304,,,b8d095800100e209,2014/8/15 23:12,0,570381449,舒清,1000050041
现在开始渐渐体会了那句“你真正下决心要做一件事，全世界都会帮助你！”我要把这个计划坚持下去，一定把它实现！fighting！！！[em]e130[\/em],5832,,103,0,,0,,现在开始渐渐体会了那句“你真正下决心要做一件事，全世界都会帮助你！”我要把这个计划坚持下去，一定把它实现！fighting！！！\u003Cimg src=\u0022\/qzone\/em\/e130.gif\u0022  \/>\u003Cwbr  \/>,4194304,,,b8d095800100e209,2014/8/14 17:40,0,570381449,舒清,1000050039
今天算是真正领略到了信用卡的魅力，太神奇了！！！以前总是觉得用信用卡透支未来的钱做一个卡奴完全没必要！搞不好有了信用污点会毁了一生，但是现在发现只要在自己承受的范围内刷信用卡，把资金投入到低风险的理财产品中，将资金活动起来，使自己的生活可以更加高效和高质量！,5707,,102,0,,0,,今天算是真正领略到了信用卡的魅力，太神奇了！！！以前总是觉得用信用卡透支未来的钱做一个卡奴完全没必要！搞不好有了信用污点会毁了一生，但是现在发现只要在自己承受的范围内刷信用卡，把资金投入到低风险的理财产品中，将资金活动起来，使自己的生活可以更加高效和高质量！,0,,,b8d095800100e209,2014/8/10 21:03,0,570381449,舒清,1000050038
"公司不是养老院！没有永远和绝对的安稳，时刻保持危机意识，不断扩充自己，才是最根本的保障！
说得好！
[quote]引自：舒清  于 2014-08-06 23:03:16 发表的留言
引用内容：

才去研发工作室不到两个星期，回来就发现晓慧姐也辞职了，海龙哥下个月也要辞职了，辜文菁走了，钱江兵走了……曾经以为能够一起在工作奋战到底的伙伴们如今好像都在开始从自己身边离开了。他们去升学，转行，跳槽。感觉拓维只不过是大家职场的一个交汇点，大家有过短暂的相遇，然后又按照各自的行程向前推进着。自己在拓维会干多久，未来该怎么规划，万一今年手游部门搞得不好，被解散了怎么办？其实很值得自己思考一下了，而不是变得安逸，万一哪天公司效益不好，被解雇时还不知道下一步该怎么走，这个是比较恐怖的！柳哥的告诫和董嗲的坦白其实很真实：要么炒老板，要么被老板炒，都是双向选择，公司不是养老院！没有永远和绝对的安稳，时刻保持危机意识，不断扩充自己，才是最根本的保障！[\/quote]",5149,,101,0,,0,,公司不是养老院！没有永远和绝对的安稳，时刻保持危机意识，不断扩充自己，才是最根本的保障！\u003Cbr  \/>说得好！\u003Cbr  \/>\u003Cdiv class=\u0022comment_quote bor\u0022>引自：舒清&nbsp;&nbsp;于&nbsp;2014-08-06&nbsp;23:03:16&nbsp;发表的留言\u003Cbr  \/>引用内容：\u003Cbr  \/>\u003Cbr  \/>才去研发工作室不到两个星期，回来就发现晓慧姐也辞职了，海龙哥下个月也要辞职了，辜文菁走了，钱江兵走了……曾经以为能够一起在工作奋战到底的伙伴们如今好像都在开始从自己身边离开了。他们去升学，转行，跳槽。感觉拓维只不过是大家职场的一个交汇点，大家有过短暂的相遇，然后又按照各自的行程向前推进着。自己在拓维会干多久，未来该怎么规划，万一今年手游部门搞得不好，被解散了怎么办？其实很值得自己思考一下了，而不是变得安逸，万一哪天公司效益不好，被解雇时还不知道下一步该怎么走，这个是比较恐怖的！柳哥的告诫和董嗲的坦白其实很真实：要么炒老板，要么被老板炒，都是双向选择，公司不是养老院！没有永远和绝对的安稳，时刻保持危机意识，不断扩充自己，才是最根本的保障！\u003C\/div>,0,,,98d595840840a201,2014/8/7 22:56,0,376976240,骑行小蜗游,1000050037
才去研发工作室不到两个星期，回来就发现晓慧姐也辞职了，海龙哥下个月也要辞职了，辜文菁走了，钱江兵走了……曾经以为能够一起在工作奋战到底的伙伴们如今好像都在开始从自己身边离开了。他们去升学，转行，跳槽。感觉拓维只不过是大家职场的一个交汇点，大家有过短暂的相遇，然后又按照各自的行程向前推进着。自己在拓维会干多久，未来该怎么规划，万一今年手游部门搞得不好，被解散了怎么办？其实很值得自己思考一下了，而不是变得安逸，万一哪天公司效益不好，被解雇时还不知道下一步该怎么走，这个是比较恐怖的！柳哥的告诫和董嗲的坦白其实很真实：要么炒老板，要么被老板炒，都是双向选择，公司不是养老院！没有永远和绝对的安稳，时刻保持危机意识，不断扩充自己，才是最根本的保障！,5321,,100,0,,0,,才去研发工作室不到两个星期，回来就发现晓慧姐也辞职了，海龙哥下个月也要辞职了，辜文菁走了，钱江兵走了……曾经以为能够一起在工作奋战到底的伙伴们如今好像都在开始从自己身边离开了。他们去升学，转行，跳槽。感觉拓维只不过是大家职场的一个交汇点，大家有过短暂的相遇，然后又按照各自的行程向前推进着。自己在拓维会干多久，未来该怎么规划，万一今年手游部门搞得不好，被解散了怎么办？其实很值得自己思考一下了，而不是变得安逸，万一哪天公司效益不好，被解雇时还不知道下一步该怎么走，这个是比较恐怖的！柳哥的告诫和董嗲的坦白其实很真实：要么炒老板，要么被老板炒，都是双向选择，公司不是养老院！没有永远和绝对的安稳，时刻保持危机意识，不断扩充自己，才是最根本的保障！,0,,,b8d095800100e209,2014/8/6 23:03,0,570381449,舒清,1000050036
涨姿势了，通过rob的加币，现在才知道。原来现在加拿大的币都是塑料的。,5898,,99,0,,0,,涨姿势了，通过rob的加币，现在才知道。原来现在加拿大的币都是塑料的。,0,,,b8d095800100e209,2014/7/29 23:04,0,570381449,舒清,1000050035
新的一周，ganbadei..,5945,,98,0,,0,,新的一周，ganbadei..,0,,,18d495800200c101,2014/7/14 16:58,0,1311565453,槭树絮语,1000050032
慎独，慎言，慎行……,5698,1404712852,97,0,,0,,慎独，慎言，慎行……,32,热烈欢迎啊，我的梦想就要洒在这片热土上了。。[em]e120[\/em],槭树絮语,18d495800200c101,2014/7/7 13:56,0,1311565453,槭树絮语,1000050030
到底是自己犯贱，还是过于依赖？现在开始明白习惯是一种可怕的东西，一旦逐渐形成便难以改变。我想我要反思了，而不是去继续习惯与依赖，自己的的想法不一定就是别人想要的。要学会开始充实自己，学会慎独，好好利用时间，不要再去虚度。无聊，空虚，寂寞，幻想是因为没有设定具体的目标，没有动力，这是一种危险的信号。,5667,,96,0,,0,,到底是自己犯贱，还是过于依赖？现在开始明白习惯是一种可怕的东西，一旦逐渐形成便难以改变。我想我要反思了，而不是去继续习惯与依赖，自己的的想法不一定就是别人想要的。要学会开始充实自己，学会慎独，好好利用时间，不要再去虚度。无聊，空虚，寂寞，幻想是因为没有设定具体的目标，没有动力，这是一种危险的信号。,0,,,b8d095800100e209,2014/7/6 23:53,0,570381449,舒清,1000050029
清哥最近工作进展的怎么样啊~！,5720,1403848964,95,0,,0,,清哥最近工作进展的怎么样啊~！,32,是韩国开发的同名手游，我们公司买了韩国的版权，准备今年在中国发行，现在在内测。,舒清,18d495800200c101,2014/6/27 9:59,0,1311565453,槭树絮语,1000050027
跑到清哥留言板下胡言乱语。哈哈,5900,1402111705,94,0,,0,,跑到清哥留言板下胡言乱语。哈哈,4194336,花妹到此一游。。,舒清,18d495800200c101,2014/6/7 11:18,0,1311565453,槭树絮语,1000050025
多日未见你留言啊，也不见你妹子留言啊~,5865,1401059285,93,0,,0,,多日未见你留言啊，也不见你妹子留言啊~,32,哈哈，最近留言板玩的不多，开始玩沪江了。。,舒清,98d595840840a201,2014/5/25 23:55,0,376976240,骑行小蜗游,1000050024
感谢你为我们所做的一切  我们都记在心里  以后保持联络,5876,1399643212,92,0,,0,,感谢你为我们所做的一切&nbsp;&nbsp;我们都记在心里&nbsp;&nbsp;以后保持联络,32,好的，友谊万古常青！,舒清,184085800000c001,2014/5/9 15:17,0,672510295,陈建平,1000050023
芬兰开发团队因为过复活节周二才上班，这么爽啊！,5919,,91,0,,0,,芬兰开发团队因为过复活节周二才上班，这么爽啊！,4194304,,,b8d095800100e209,2014/4/18 12:44,0,570381449,舒清,1000050022
看来你在公司过得很不错啊~,5707,1397649768,90,0,,0,,看来你在公司过得很不错啊~,32,回来好好交流一下吧。对了 论文是5月12号答辩？确定了？,骑行小蜗游,98d595840840a201,2014/4/16 19:57,0,376976240,骑行小蜗游,1000050021
今天会议发现，高手的确很多。务必保持努力学习的状态！,5913,,89,0,,0,,今天会议发现，高手的确很多。务必保持努力学习的状态！,4194304,,,b8d095800100e209,2014/4/15 13:28,0,570381449,舒清,1000050020
公司宿舍环境没让我失望，好的公司就是不一样啊。,5919,,88,0,,0,,公司宿舍环境没让我失望，好的公司就是不一样啊。,4194304,,,b8d095800100e209,2014/4/12 15:37,0,570381449,舒清,1000050019
"让优秀成为一种习惯！
[quote]引自：李游  于 2014-04-08 19:40:58 发表的留言
引用内容：

如何让自己变得优秀，你是最好的模板~[\/quote]",5832,,87,0,,0,,让优秀成为一种习惯！\u003Cbr  \/>\u003Cdiv class=\u0022comment_quote bor\u0022>引自：李游&nbsp;&nbsp;于&nbsp;2014-04-08&nbsp;19:40:58&nbsp;发表的留言\u003Cbr  \/>引用内容：\u003Cbr  \/>\u003Cbr  \/>如何让自己变得优秀，你是最好的模板~\u003C\/div>,0,,,b8d095800100e209,2014/4/8 23:13,0,570381449,舒清,1000050018
如何让自己变得优秀，你是最好的模板~,5928,,86,0,,0,,如何让自己变得优秀，你是最好的模板~,0,,,98d595840840a201,2014/4/8 19:40,0,376976240,骑行小蜗游,1000050017
"告诉你了内心世界的大门，你就没事来客串啊。
[quote]引自：猪花妹  于 2014-04-03 09:12:20 发表的留言
引用内容：

我是来窥探内心世界的！！！哈哈。。。[em]e120[\/em][\/quote]",5794,,85,0,,0,,告诉你了内心世界的大门，你就没事来客串啊。\u003Cbr  \/>\u003Cdiv class=\u0022comment_quote bor\u0022>引自：猪花妹&nbsp;&nbsp;于&nbsp;2014-04-03&nbsp;09:12:20&nbsp;发表的留言\u003Cbr  \/>引用内容：\u003Cbr  \/>\u003Cbr  \/>我是来窥探内心世界的！！！哈哈。。。\u003Cimg src=\u0022\/qzone\/em\/e120.gif\u0022  \/>\u003Cwbr  \/>\u003C\/div>,0,,,b8d095800100e209,2014/4/3 16:34,0,570381449,舒清,1000050016
"恭喜恭喜啊~拓维在长沙也是很不错的公司哦~是做什么工作？什么时候上班呢？
[quote]引自：舒清  于 2014-04-02 23:07:10 发表的留言
引用内容：

如愿拿到拓维offer,开心！[\/quote]",5739,1396501432,84,0,,0,,"恭喜恭喜啊~拓维在长沙也是很不错的公司哦~是做什么工作？什么时候上班呢？\u003Cbr  \/>\u003Cdiv class=\u0022comment_quote bor\u0022>引自：舒清&nbsp;&nbsp;于&nbsp;2014-04-02&nbsp;23:07:10&nbsp;发表的留言\u003Cbr  \/>引用内容：\u003Cbr  \/>\u003Cbr  \/>如愿拿到拓维offer,开心！\u003C\/div>",32,是做手游测试。4月中旬开始去实习。,舒清,98d595840840a201,2014/4/3 12:30,0,376976240,骑行小蜗游,1000050015
我是来窥探内心世界的！！！哈哈。。。[em]e120[\/em],5916,,83,0,,0,,我是来窥探内心世界的！！！哈哈。。。\u003Cimg src=\u0022\/qzone\/em\/e120.gif\u0022  \/>\u003Cwbr  \/>,0,,,18d495800200c101,2014/4/3 9:12,0,1311565453,槭树絮语,1000050014
"如愿拿到拓维offer,开心！",5941,,82,0,,0,,"如愿拿到拓维offer,开心！",0,,,b8d095800100e209,2014/4/2 23:07,0,570381449,舒清,1000050013
啊清啊  你也在留言板上开始矫情了啊~,5875,1396242272,81,0,,0,,啊清啊&nbsp;&nbsp;你也在留言板上开始矫情了啊~,32,像你学习下，觉得你这个创意不错哦。,舒清,98d595840840a201,2014/3/31 12:41,0,376976240,骑行小蜗游,1000050012
感情难道需要被证明吗？能证明是也许只有时间吧，原来异性缘好也是一种错。。。,5891,,80,0,,0,,感情难道需要被证明吗？能证明是也许只有时间吧，原来异性缘好也是一种错。。。,0,,,b8d095800100e209,2014/3/26 18:59,0,570381449,舒清,1000050011
昨晚又没睡好，上午投了晟通的电商技术岗位，下周二去公司面试。下午狂睡了4小时补觉，晚上还要去找她，昨天的话也许说得没有逻辑，跟她聊聊吧。。。[img]http:\/\/p.qpic.cn\/wallwatermark\/0\/13954766299561449\/0[\/img],5763,,79,0,,0,,昨晚又没睡好，上午投了晟通的电商技术岗位，下周二去公司面试。下午狂睡了4小时补觉，晚上还要去找她，昨天的话也许说得没有逻辑，跟她聊聊吧。。。\u003Ca href=\u0022http:\/\/p.qpic.cn\/wallwatermark\/0\/13954766299561449\/0\u0022 target=\u0022_blank\u0022>\u003Cimg src=\u0022http:\/\/p.qpic.cn\/wallwatermark\/0\/13954766299561449\/0\u0022  \/>\u003C\/a>\u003Cwbr  \/>,0,,,b8d095800100e209,2014/3/22 16:22,0,570381449,舒清,1000050010
哎，她有那种感觉，我又何尝不是如此呢？感情世界里最怕内心有隔阂。,5901,,78,0,,0,,哎，她有那种感觉，我又何尝不是如此呢？感情世界里最怕内心有隔阂。,4194304,,,b8d095800100e209,2014/3/22 1:15,0,570381449,舒清,1000050009
今天一大早冒着大雨去中南宣讲会，却取消了。。。澹,5915,,77,0,,0,,今天一大早冒着大雨去中南宣讲会，却取消了。。。澹,4194304,,,b8d095800100e209,2014/3/19 12:14,0,570381449,舒清,1000050008
哈哈，留言板是个不错的地方，只有真正对你关注的人才会看你的留言板。有道理！我想以后有什么心情可以发在留言板，让真正想关注我的人看到我的内心。[em]e129[\/em],5812,,76,0,,0,,哈哈，留言板是个不错的地方，只有真正对你关注的人才会看你的留言板。有道理！我想以后有什么心情可以发在留言板，让真正想关注我的人看到我的内心。\u003Cimg src=\u0022\/qzone\/em\/e129.gif\u0022  \/>\u003Cwbr  \/>,0,,,b8d095800100e209,2014/3/15 17:18,0,570381449,舒清,1000050007
看到高中好友被他女友发说说检讨感觉好无语，怎么会那样呢？看不出来啊，哎，感情还是专一的好，珍惜现在所拥有的，脚踏几条船总有一天会掉水里淹死的。。,5819,,75,0,,0,,看到高中好友被他女友发说说检讨感觉好无语，怎么会那样呢？看不出来啊，哎，感情还是专一的好，珍惜现在所拥有的，脚踏几条船总有一天会掉水里淹死的。。,0,,, 8c19c8000000401,2014/3/15 17:15,0,846322979,清风,1000050006
看完了结婚吧，结局都是美好的。佩服果然那种耐心和灵活，工作方面接到了红网的笔试通知，该突击突击下了。加油！[em]e129[\/em],5844,,74,0,,0,,看完了结婚吧，结局都是美好的。佩服果然那种耐心和灵活，工作方面接到了红网的笔试通知，该突击突击下了。加油！\u003Cimg src=\u0022\/qzone\/em\/e129.gif\u0022  \/>\u003Cwbr  \/>,4194304,,, 8c19c8000000401,2014/3/14 17:21,0,846322979,清风,1000050005
今天体验了无领导小组讨论，感觉还不错，现在开始走校招路线，推掉本地小私营企业面试。另外，对于她我也不知道为什么，不怎么想跟她主动联系了，或许是对她特殊性格的对抗吧。我现在也只想把工作的事情摆在第一位了，加油！,5755,,73,0,,0,,今天体验了无领导小组讨论，感觉还不错，现在开始走校招路线，推掉本地小私营企业面试。另外，对于她我也不知道为什么，不怎么想跟她主动联系了，或许是对她特殊性格的对抗吧。我现在也只想把工作的事情摆在第一位了，加油！,4194304,,, 8c19c8000000401,2014/3/13 23:56,0,846322979,清风,1000050004
新年快乐哟。[em]e113[\/em],5901,1391136058,72,0,,0,,新年快乐哟。\u003Cimg src=\u0022\/qzone\/em\/e113.gif\u0022  \/>\u003Cwbr  \/>,4194336,谢谢，也祝你马年吉祥！,舒清,38d495a00142e029,2014/1/30 9:52,0,1092214057,刘园园,1000050003
哈哈，欢迎来我空间听歌，我又换歌啦,5631,1387855745,71,0,,0,,哈哈，欢迎来我空间听歌，我又换歌啦,32,[em]e113[\/em],b若有似无的小矜持。,18d08d840008c309,2013/12/15 14:40,0,525355863,b若有似无的小矜持。,1000050002
《再遇见》,5818,1386425598,70,0,,0,,《再遇见》,32,哈哈，不愧是表情哥，觉悟高呀,b若有似无的小矜持。,18d08d840008c309,2013/12/7 21:16,0,525355863,b若有似无的小矜持。,1000050001
表情哥哇~,5917,1386306607,69,0,,0,,表情哥哇~,32,啥情况？,舒清,18d08d840008c309,2013/12/4 12:01,0,525355863,b若有似无的小矜持。,1000050000
你是名副其实的励志哥啊[em]e113[\/em],5901,1383922379,68,0,,0,,你是名副其实的励志哥啊\u003Cimg src=\u0022\/qzone\/em\/e113.gif\u0022  \/>\u003Cwbr  \/>,32,没有啦。。,舒清,18c0dd800000e201,2013/10/29 13:31,0,874409496,阳光不锈,72
"[em]e192[\/em] 学长学长[img,180,180]http:\/\/qzonestyle.gtimg.cn\/qzone\/em\/recommendedImages\/024.png[\/img]",5835,1379951978,67,0,,0,,\u003Cimg src=\u0022\/qzone\/em\/e192.gif\u0022  \/>\u003Cwbr  \/>&nbsp;学长学长\u003Ca href=\u0022http:\/\/qzonestyle.gtimg.cn\/qzone\/em\/recommendedImages\/024.png\u0022 target=\u0022_blank\u0022>\u003Cimg src=\u0022http:\/\/qzonestyle.gtimg.cn\/qzone\/em\/recommendedImages\/024.png\u0022 width=\u0022180\u0022 height=\u0022180\u0022  \/>\u003C\/a>\u003Cwbr  \/>,32,[em]e129[\/em],舒清,18d195800200c101,2013/9/23 23:41,0,1375670704,黑~白 白~黑,71
我比较感兴趣的是，你骑自习车回老家共用了多少时间啊，晚上是住旅馆还是睡帐篷呢，你比较喜欢户外活动吧，用心生活的人啊，享受后很是喜欢将感悟付诸文字与人分享哦，个人觉得这个想法还是很不错的，你们去武功山是挑阴雨天去的还是恰好碰上阴雨天，因为还没去过，所以希望能给与点天气方面的建议,5377,1370301218,66,0,,0,,我比较感兴趣的是，你骑自习车回老家共用了多少时间啊，晚上是住旅馆还是睡帐篷呢，你比较喜欢户外活动吧，用心生活的人啊，享受后很是喜欢将感悟付诸文字与人分享哦，个人觉得这个想法还是很不错的，你们去武功山是挑阴雨天去的还是恰好碰上阴雨天，因为还没去过，所以希望能给与点天气方面的建议,4194336,打雷的天气去，那是找虐好吗,半研墨,18c495800000c001,2013/6/3 7:05,0,672267829,半研墨,70
"嘿，舒舒服服，清清楚楚！
追求自己想要的生活，要开心，要幸福！[em]e130[\/em]",5803,1365398421,65,0,,0,,嘿，舒舒服服，清清楚楚！\u003Cbr  \/>追求自己想要的生活，要开心，要幸福！\u003Cimg src=\u0022\/qzone\/em\/e130.gif\u0022  \/>\u003Cwbr  \/>,32,呵呵，没有呢，找工作！,朝★暮Z,18d095a00002c201,2013/4/7 14:22,0,89178101,朝★暮Z,69
表情哥，今天是除夕，提前祝你新年快乐哦,5853,1360383375,64,0,,0,,表情哥，今天是除夕，提前祝你新年快乐哦,32,嗯，谢谢，祝你也新年身体健康！！[em]e113[\/em],舒清,18d08d840008c309,2013/2/9 10:58,0,525355863,b若有似无的小矜持。,68
学长兼老乡，我来了哦，圣诞快乐哦，都不去我哪里踩踩，留下言[em]e149[\/em] 还有要加油哦要幸福哦[em]e121[\/em],5860,,63,0,,0,,学长兼老乡，我来了哦，圣诞快乐哦，都不去我哪里踩踩，留下言\u003Cimg src=\u0022\/qzone\/em\/e149.gif\u0022  \/>\u003Cwbr  \/>&nbsp;还有要加油哦要幸福哦\u003Cimg src=\u0022\/qzone\/em\/e121.gif\u0022  \/>\u003Cwbr  \/>,0,,,d85495800300c121,2012/12/25 11:35,0,2406750635,珂声紫陌空[em]e327809[\/em],67
过来瞧瞧~哈哈~[em]e192[\/em][em]e192[\/em][em]e195[\/em],5875,1354424769,62,0,,0,,过来瞧瞧~哈哈~\u003Cimg src=\u0022\/qzone\/em\/e192.gif\u0022  \/>\u003Cwbr  \/>\u003Cimg src=\u0022\/qzone\/em\/e192.gif\u0022  \/>\u003Cwbr  \/>\u003Cimg src=\u0022\/qzone\/em\/e195.gif\u0022  \/>\u003Cwbr  \/>,32,欢迎欢迎，热烈欢迎！,舒清, 8d095a40002c101,2012/11/30 21:31,0,781091277,双鱼孟,65
我有一个心愿：2012年11月11日之前，有人打电话对我说：“这个节咱不过，好吗？”呵呵，那你的心愿呢？,5871,,61,0,,0,,我有一个心愿：2012年11月11日之前，有人打电话对我说：“这个节咱不过，好吗？”呵呵，那你的心愿呢？,0,,,38d495a00142e029,2012/11/10 22:53,0,1092214057,刘园园,64
我有一个心愿：2012年11月11日之前，有人打电话对我说：“这个节咱不过，好吗？”呵呵，那你的心愿呢？,5871,,60,0,,0,,我有一个心愿：2012年11月11日之前，有人打电话对我说：“这个节咱不过，好吗？”呵呵，那你的心愿呢？,0,,,38d495a00142e029,2012/11/10 22:53,0,1092214057,刘园园,63
加油,5954,,59,0,,0,,加油,0,,,18d49d8c0002e201,2012/10/4 12:39,0,782285746,じ彩虹の,62
加油加油,5950,,58,0,,0,,加油加油,0,,,18d49d8c0002e201,2012/10/4 12:39,0,782285746,じ彩虹の,61
怎么还没出来啊,5944,,57,0,,0,,怎么还没出来啊,0,,,18d49d8c0002e201,2012/10/4 12:27,0,782285746,じ彩虹の,60
哥们中秋快乐！很高兴能看到你的空间，回常德了吧！和你一样我是个90后学生，同样喜欢旅游，想从常德骑自行车回宁乡，希望能得到你的帮助。,5548,1349172509,56,0,,0,,哥们中秋快乐！很高兴能看到你的空间，回常德了吧！和你一样我是个90后学生，同样喜欢旅游，想从常德骑自行车回宁乡，希望能得到你的帮助。,32,"哦！单车闯关节目应该挺不错的吧！回常德了打我电话咯 一起去玩  我就在湖南文理

",胡昂,88c185800202c001,2012/9/30 22:05,0,2691826986,胡昂,59
"[ft=#0000ff,4,楷体_GB2312] 要有痛感，才有存在感，有人虐身，有人虐心。[\/ft]",5893,,55,0,,0,,\u003Cspan style=\u0022line-height:1.8em;font-family:楷体_gb2312;font-size:18px;color:#0000ff;\u0022>&nbsp;要有痛感，才有存在感，有人虐身，有人虐心。\u003C\/span>\u003Cwbr  \/>,4194304,,,18d09da40000c001,2012/9/26 1:41,0,569459320,Shmily,58
来看看你  [em]e130[\/em],5938,,54,0,,0,,来看看你&nbsp;&nbsp;\u003Cimg src=\u0022\/qzone\/em\/e130.gif\u0022  \/>\u003Cwbr  \/>,4194304,,, 8809c0002008001,2012/9/21 0:22,0,2246227813,倩倩牛气冲天,57
        那着实是一段难忘而美好的旅程，着实让人敬佩。[em]e179[\/em],5894,,53,0,,0,,&nbsp;&nbsp;&nbsp;&nbsp;&nbsp;&nbsp;&nbsp;&nbsp;那着实是一段难忘而美好的旅程，着实让人敬佩。\u003Cimg src=\u0022\/qzone\/em\/e179.gif\u0022  \/>\u003Cwbr  \/>,0,,,98d595a00100e209,2012/9/19 0:18,0,475445219,【HONEST＞》。,56
清哥哥，你好棒哦，你现在是越来越有那种・・・・・・・・・・加油,5857,1344479120,52,0,,0,,清哥哥，你好棒哦，你现在是越来越有那种・・・・・・・・・・加油,32,[em]e130[\/em]什么时候过来玩啊。,舒清,18c0958401008201,2012/8/7 22:36,0,646544084,Krystal,55
表情哥，好无聊啊,5933,,51,0,,0,,表情哥，好无聊啊,0,,,18d08d840008c309,2012/7/21 16:37,0,525355863,b若有似无的小矜持。,53
还好啊，老同学,5949,,50,0,,0,,还好啊，老同学,4195328,,,18c195a00002e309,2012/6/13 23:56,0,172428195,最美的时光,52
羡慕嫉妒恨。。。,5949,,49,0,,0,,羡慕嫉妒恨。。。,0,,,1.85E+112,2012/5/22 14:35,0,1185938901,戈娇,51
礼物在哪啊？没看到啊,5751,1336102563,48,0,,0,,礼物在哪啊？没看到啊,32,嘿嘿，好的哦，我回家啦，嘻嘻，可以用电脑哦,b若有似无的小矜持。,18d08d840008c309,2012/5/4 7:58,0,525355863,b若有似无的小矜持。,50
看了你的空间，对你这个人实在是佩服呢。相信你会更加厉害的。,5909,,47,0,,0,,看了你的空间，对你这个人实在是佩服呢。相信你会更加厉害的。,0,,,38d495a00142e029,2012/4/5 12:11,0,1092214057,刘园园,49
"哟西  啊清啊  很好啊~  我都把变形记日志评论写到这里来了   
大学还准备做啥子生意不，那单车还搞不搞哩？",5729,1332164751,46,0,,0,,哟西&nbsp;&nbsp;啊清啊&nbsp;&nbsp;很好啊~&nbsp;&nbsp;我都把变形记日志评论写到这里来了&nbsp;&nbsp;&nbsp;\u003Cbr  \/>大学还准备做啥子生意不，那单车还搞不搞哩？,32,"现在在各种探索道路中......作兼职的目的是为了启动资金和吸收经验.单车生意目前还处于调查阶段,我会抽个周末去高桥看看",舒清,98d595840840a201,2012/3/19 21:05,0,376976240,骑行小蜗游,48
留脚印，发现你自己写了好多日志哦，而且都写得好好，[em]e179[\/em],5865,1331911579,45,0,,0,,留脚印，发现你自己写了好多日志哦，而且都写得好好，\u003Cimg src=\u0022\/qzone\/em\/e179.gif\u0022  \/>\u003Cwbr  \/>,32,谢谢，欢迎来踩踩！,舒清,1.85E+112,2012/3/16 23:21,0,1185938901,戈娇,47
我想要昙花永不凋谢常开人间，我想要冬天阳光明媚融冰化雪，我想要流星永不消失点缀夜空，我更想要你在新的一年里开心天天！...,5848,,44,0,,0,,我想要昙花永不凋谢常开人间，我想要冬天阳光明媚融冰化雪，我想要流星永不消失点缀夜空，我更想要你在新的一年里开心天天！...,0,,,f8551d800200e101,2012/1/9 18:21,0,1515433642,郑盼,46
[em]e118[\/em],5952,,43,0,,0,,\u003Cimg src=\u0022\/qzone\/em\/e118.gif\u0022  \/>\u003Cwbr  \/>,0,,,18d495800200c101,2012/1/3 16:01,0,1311565453,槭树絮语,45
我咋就成了你空间里第2222个访问的人呢？,5774,1325643232,42,0,,0,,我咋就成了你空间里第2222个访问的人呢？,32,[em]e128[\/em]猪2妹啊，淡定，淡定！下次来抢8888的位置吧。,舒清,18d495800200c101,2012/1/3 16:00,0,1311565453,槭树絮语,44
舒弟吧，看了你的游记，真的感动了。感动你的那份执着，那份信心。坚持你的理想吧，支持你！好样的！[em]e179[\/em],5795,1325505294,41,0,,0,,舒弟吧，看了你的游记，真的感动了。感动你的那份执着，那份信心。坚持你的理想吧，支持你！好样的！\u003Cimg src=\u0022\/qzone\/em\/e179.gif\u0022  \/>\u003Cwbr  \/>,32,"额,那是草稿呢.不小心发表了.明天才是正版呢!",舒清,18d095800200c101,2012/1/2 19:34,0,1551721316,上进的男生,43
那篇日志呢？小清清,5906,1321767672,40,0,,0,,那篇日志呢？小清清,1056,干嘛？！[em]e132[\/em] ,舒清,18d495800200c101,2011/11/20 12:54,0,1311565453,槭树絮语,42
32评论  大有赶超你留言板的架势  你真心红了.,5917,,39,0,,0,,32评论&nbsp;&nbsp;大有赶超你留言板的架势&nbsp;&nbsp;你真心红了.,4194304,,,385095a500428221,2011/11/13 18:59,0,471828099,流年a,41
飘过、,5923,1320594207,38,0,,0,,飘过、,4195360,[em]e100[\/em],舒清,18d095a40002c001,2011/11/6 22:08,0,534344550,心枝则无知,40
嘿嘿，我也留个言，空间好多照片哦，我也想去那些地方玩啊,5868,1320489711,37,0,,0,,嘿嘿，我也留个言，空间好多照片哦，我也想去那些地方玩啊,32,恩，有空就该多出去逛逛…,舒清,1.85E+112,2011/11/5 14:10,0,1185938901,戈娇,39
我来也[em]e113[\/em],5908,1318520907,36,0,,0,,我来也\u003Cimg src=\u0022\/qzone\/em\/e113.gif\u0022  \/>\u003Cwbr  \/>,4195360,[em]e142[\/em]欢迎！,舒清,38d09da10002e001,2011/10/13 19:45,0,178233424,林颂,38
..,5963,,35,0,,0,,..,0,,,b8d095800100e209,2011/9/25 17:20,0,570381449,舒清,37
"[ffg,#9900FF,#FFFFFF]嘿嘿，给你踩踩！！！[\/ft]",5829,1315753908,34,0,,0,,"\u003Cspan style=\u0022line-height:1.8em;filter: glow(color=#9900ff,strength=3);text-shadow:1px 0 4px #9900ff,0 1px 4px #9900ff,0 -1px 4px #9900ff,-1px 0 4px #9900ff;color:#ffffff;display:inline-block;\u0022>嘿嘿，给你踩踩！！！\u003C\/span>\u003Cwbr  \/>",32,没看见什么欢迎的队伍啊。,Double平[em]e258158[\/em],18d09d800000e201,2011/9/11 13:52,0,897253086,Double平[em]e258158[\/em],36
[em]e112[\/em]那个做的真好！1！！！,5934,,33,0,,0,,\u003Cimg src=\u0022\/qzone\/em\/e112.gif\u0022  \/>\u003Cwbr  \/>那个做的真好！1！！！,0,,,58c515a00140e201,2011/9/9 6:12,0,782234660,政若,35
嘻嘻，路过，踩踩哦,5906,1315137491,32,0,,0,,嘻嘻，路过，踩踩哦,1056,欢迎欢迎！热烈欢迎！！,舒清,18d4d5a00002c101,2011/9/4 15:33,0,610507797,夜微凉,34
"[ft=,4,]哈喽！我来过。。。[\/ft]",5862,1311991850,31,0,,0,,\u003Cspan style=\u0022line-height:1.8em;font-size:18px;\u0022>哈喽！我来过。。。\u003C\/span>\u003Cwbr  \/>,32,嘻嘻。。。,彩色星空,38500d800000d001,2011/7/30 10:09,0,805201162,彩色星空,33
这么喜欢林白吗，,5910,1307281304,30,0,,0,,这么喜欢林白吗，,32,嗯，喜欢他主持的一种风格。,舒清,1.85E+112,2011/6/5 18:13,0,940878727,黑子,32
[img]http:\/\/piccache3.soso.com\/face\/_9496138770349585549[\/img],5900,,29,0,,0,,\u003Ca href=\u0022http:\/\/piccache3.soso.com\/face\/_9496138770349585549\u0022 target=\u0022_blank\u0022>\u003Cimg src=\u0022http:\/\/piccache3.soso.com\/face\/_9496138770349585549\u0022  \/>\u003C\/a>\u003Cwbr  \/>,0,,,18c495800042e001,2011/5/2 19:02,0,653957537,Krystal,31
高二的那些照片怎么这么模糊啊，下次我给我们班做个高中回忆吧，正好我学了这个,5761,1302421429,28,0,,0,,高二的那些照片怎么这么模糊啊，下次我给我们班做个高中回忆吧，正好我学了这个,32,非线性编辑啊，必要的时候ps一下,琪小木,9.85E+132,2011/4/10 11:28,0,1450007815,琪小木,30
"[img]http:\/\/piccache2.soso.com\/face\/_3637950298423114170[\/img]    [ft=#00ff00,,][ft=#00cc33,,]嘻嘻，空间好漂亮哦[\/ft]。[\/ft]",5524,1302252918,27,0,,0,,\u003Ca href=\u0022http:\/\/piccache2.soso.com\/face\/_3637950298423114170\u0022 target=\u0022_blank\u0022>\u003Cimg src=\u0022http:\/\/piccache2.soso.com\/face\/_3637950298423114170\u0022  \/>\u003C\/a>\u003Cwbr  \/>&nbsp;&nbsp;&nbsp;&nbsp;\u003Cspan style=\u0022line-height:1.8em;color:#00ff00;\u0022>\u003Cspan style=\u0022line-height:1.8em;color:#00cc33;\u0022>嘻嘻，空间好漂亮哦\u003C\/span>\u003Cwbr  \/>。\u003C\/span>\u003Cwbr  \/>,32,谢谢…呵呵,Nicoleli,38d015800000c901,2011/4/7 10:45,0,82354351,Nicoleli,29
什么情况[em]e113[\/em],5796,1302091831,26,0,,0,,什么情况\u003Cimg src=\u0022\/qzone\/em\/e113.gif\u0022  \/>\u003Cwbr  \/>,4195360,哈哈，有味,じ彩虹の,18d49d8c0002e201,2011/4/6 19:23,0,782285746,じ彩虹の,28
1000留名,5825,1302089165,25,0,,0,,1000留名,4194336,我也不知道  卡了一下就刷了一版出来  我成了邪恶的屠版党  哇哈哈....,流年a,385095a500428221,2011/4/6 19:22,0,471828099,流年a,27
1000留名,5958,,24,0,,0,,1000留名,4194304,,,385095a500428221,2011/4/6 19:22,0,471828099,流年a,26
1000留名,5958,,23,0,,0,,1000留名,4194304,,,385095a500428221,2011/4/6 19:22,0,471828099,流年a,25
小小火种代表我对你最真挚的祝福，愿你的孔明灯升的更高！,5907,,22,0,,0,,小小火种代表我对你最真挚的祝福，愿你的孔明灯升的更高！,0,,,98d4958001400181,2011/2/23 22:51,0,347225270,狗吧！,24
送你个火种，让孔明灯飞一会儿~,5932,,21,0,,0,,送你个火种，让孔明灯飞一会儿~,0,,,18d195a4000ac201,2011/2/16 10:26,0,462160500,t深白Sèr,22
小小火种代表我对你最真挚的祝福，愿你的孔明灯升的更高！,5907,,20,0,,0,,小小火种代表我对你最真挚的祝福，愿你的孔明灯升的更高！,0,,,98d4958001400181,2011/2/15 22:12,0,347225270,狗吧！,21
送你一个希望的火种，助你的孔明灯飞的更高！祝新年快乐！,5907,,19,0,,0,,送你一个希望的火种，助你的孔明灯飞的更高！祝新年快乐！,0,,,18d195a4000ac201,2011/2/15 8:21,0,462160500,t深白Sèr,20
小小火种代表我对你最真挚的祝福，愿你的孔明灯升的更高！,5907,,18,0,,0,,小小火种代表我对你最真挚的祝福，愿你的孔明灯升的更高！,0,,,18d195a4000ac201,2011/2/14 10:12,0,462160500,t深白Sèr,19
送你个火种，让孔明灯飞一会儿~,5932,,17,0,,0,,送你个火种，让孔明灯飞一会儿~,0,,,98d4958001400181,2011/2/11 23:21,0,347225270,狗吧！,18
希望的火种，捎去我诚挚的心意，让孔明灯飞的更高吧！,5911,,16,0,,0,,希望的火种，捎去我诚挚的心意，让孔明灯飞的更高吧！,0,,,18d195a4000ac201,2011/2/8 13:59,0,462160500,t深白Sèr,17
班长来看你了啊，快点欢迎啊，哈哈。,5879,1296575399,15,0,,0,,班长来看你了啊，快点欢迎啊，哈哈。,1056,"欢迎欢迎,热烈欢迎!!(鞭炮燃放中....)",舒清,18d415800002c101,2011/2/1 21:18,0,1094305498,小丸子姐姐,16
送你个火种，让孔明灯飞一会儿~,5932,,14,0,,0,,送你个火种，让孔明灯飞一会儿~,0,,,18d195a4000ac201,2011/2/1 18:28,0,462160500,t深白Sèr,15
这次发短信主要有两个目的：一是锻炼指法，二是联络感情，我很负责任的告诉你，新年已来到，一定要快乐！送句有技术含量的话：春节快乐！,5841,,13,0,,0,,这次发短信主要有两个目的：一是锻炼指法，二是联络感情，我很负责任的告诉你，新年已来到，一定要快乐！送句有技术含量的话：春节快乐！,0,,,98d195810000e101,2011/1/31 1:24,0,137344056,肖媛,14
2011   继续给力  加油  [em]e112[\/em],5866,1293949126,12,0,,0,,2011&nbsp;&nbsp;&nbsp;继续给力&nbsp;&nbsp;加油&nbsp;&nbsp;\u003Cimg src=\u0022\/qzone\/em\/e112.gif\u0022  \/>\u003Cwbr  \/>,32,"恩,你也一样啊,继续保持那乐观向上的精神!!",舒清,18d495800200c101,2011/1/1 4:30,0,1311565453,槭树絮语,13
哥哥：miss you＿＿,5878,1292857648,11,0,,0,,哥哥：miss&nbsp;you＿＿,4195360,"额,海内存知己,天涯若比邻嘛!好好学习啊!",舒清,18d48da40142c001,2010/12/20 13:01,0,695941314,　　　　　　　　　　　　,12
老同学    ```给点人气!!!,5898,1292767704,10,0,,0,,老同学&nbsp;&nbsp;&nbsp;&nbsp;```给点人气!!!,1056,"给点人气,???什么意思.",舒清,18c495800042e001,2010/12/19 21:12,0,653957537,Krystal,11
图片咋没拍全啊,5748,1291949135,9,0,,0,,图片咋没拍全啊,1056,[em]e100[\/em],大脚丫,18d09d800002c401,2010/12/6 21:15,0,807111631,大脚丫,10
哥，,5853,1290855037,8,0,,0,,哥，,4195360,"额,这个嘛.....",舒清,18d48da40142c001,2010/11/26 23:28,0,695941314,　　　　　　　　　　　　,9
到此一游,5931,1288357114,7,0,,0,,到此一游,32,欢迎光临啊!!,舒清,18d195a00100c081,2010/10/29 20:57,0,278978048,贰号背包客,8
你是在长沙第一师范吗,5746,1283434907,6,0,,0,,你是在长沙第一师范吗,32,"我是大治
",左轮,38d10da00100c101,2010/8/30 4:07,0,564133719,左轮,6
好好学习啊，乖，听话啊,5943,,5,0,,0,,好好学习啊，乖，听话啊,0,,,18d4d5a00002c101,2009/5/29 15:56,0,610507797,夜微凉,5
"[ffg,#00FF00,#FFFFFF][ft=,,楷体_GB2312]好好学习,天天向上![B][\/B]
[ffg,#00FF00,#FFFFFF][\/ft][\/ft][\/ft]",5839,1237697769,4,0,,0,,"\u003Cspan style=\u0022line-height:1.8em;filter: glow(color=#00ff00,strength=3);text-shadow:1px 0 4px #00ff00,0 1px 4px #00ff00,0 -1px 4px #00ff00,-1px 0 4px #00ff00;color:#ffffff;display:inline-block;\u0022>\u003Cspan style=\u0022line-height:1.8em;font-family:楷体_gb2312;\u0022>好好学习,天天向上!\u003Cspan style=\u0022font-weight:bold;\u0022>\u003C\/span>\u003Cwbr  \/>\u003Cbr  \/>\u003Cspan style=\u0022line-height:1.8em;color:#00ff00;\u0022>\u003C\/span>\u003Cwbr  \/>\u003C\/span>\u003Cwbr  \/>\u003C\/span>\u003Cwbr  \/>",32,加油啊,舒清,18d09d800000e201,2009/2/15 15:55,0,897253086,Double平[em]e258158[\/em],4
"你的QQ空间做的很好
",5921,1233831030,3,0,,0,,你的QQ空间做的很好\u003Cbr  \/>,32,谢谢啊,舒清,18d4d5a00002c101,2009/2/1 20:49,0,610507797,夜微凉,3
给你踩踩…,5951,,2,0,,0,,给你踩踩…,4195328,,,d84095a00100e081,2008/6/6 23:32,0,609231869,开始。淡忘你,2
"QQ是沟通，游戏是娱乐，空间是平台，展现是自我.什么叫时尚，什么叫潮流。我的空间尽收时尚潮流哦！
",5869,,1,0,,0,,QQ是沟通，游戏是娱乐，空间是平台，展现是自我.什么叫时尚，什么叫潮流。我的空间尽收时尚潮流哦！\u003Cbr  \/>,0,,, 851d52001008001,2007/10/21 16:38,0,232686211,。安然,1
